,Unnamed: 0,chan,cq
4,4,515,30.728571428571428
5,5,480,31.27142857142857
6,6,480,31.7
7,7,480,31.907692307692308
8,8,480,33.5
9,9,480,29.88571428571428
